pr_number,accepted,vote_count,agreed_labels,model_responses_summary,explanations
4403,True,3,Non-risky,"[{""model"": ""Gemma"", ""labels"": [""Non-risky""], ""error"": """"}, {""model"": ""Llama"", ""labels"": [""Non-risky""], ""error"": """"}, {""model"": ""Mistral"", ""labels"": [""Non-risky""], ""error"": """"}]",{}
4729,True,3,Non-risky,"[{""model"": ""Gemma"", ""labels"": [""Non-risky""], ""error"": """"}, {""model"": ""Llama"", ""labels"": [""Non-risky""], ""error"": """"}, {""model"": ""Mistral"", ""labels"": [""Non-risky""], ""error"": """"}]",{}
5137,True,3,Non-risky,"[{""model"": ""Gemma"", ""labels"": [""Non-risky""], ""error"": """"}, {""model"": ""Llama"", ""labels"": [""Non-risky""], ""error"": """"}, {""model"": ""Mistral"", ""labels"": [""Non-risky""], ""error"": """"}]",{}
6616,True,3,Non-risky,"[{""model"": ""Gemma"", ""labels"": [""Non-risky""], ""error"": """"}, {""model"": ""Llama"", ""labels"": [""Non-risky""], ""error"": """"}, {""model"": ""Mistral"", ""labels"": [""Non-risky""], ""error"": """"}]",{}
6648,True,2,Maintainability Risk,"[{""model"": ""Gemma"", ""labels"": [""Maintainability Risk""], ""error"": """"}, {""model"": ""Llama"", ""labels"": [""Maintainability Risk""], ""error"": """"}, {""model"": ""Mistral"", ""labels"": [""Bug Risk""], ""error"": """"}]","{""Maintainability Risk"": {""confidence"": 0.8, ""rationale"": ""KAFKA-3061, a SZZ origin issue, reports that the PR introduced a dependency on Guava (via Reflections library). This introduces potential for conflicts and maintenance challenges as stated in the description.\nWhile not directly causing failures, it signals a design choice that could lead to future regressions or difficulty fixing bugs due to conflicting dependencies.""}}"
6785,True,2,Bug Risk;Maintainability Risk,"[{""model"": ""Gemma"", ""labels"": [""Bug Risk"", ""Maintainability Risk""], ""error"": """"}, {""model"": ""Llama"", ""labels"": [""Performance Risk"", ""Bug Risk""], ""error"": """"}, {""model"": ""Mistral"", ""labels"": [""Bug Risk"", ""Maintainability Risk""], ""error"": """"}]","{""Bug Risk"": {""confidence"": 0.9, ""rationale"": ""KAFKA-9820 reports that `validateMessagesAndAssignOffsetsCompressed` allocates a batch iterator that is never used, leading to unnecessary object allocations and potential performance degradation.""}, ""Maintainability Risk"": {""confidence"": 0.7, ""rationale"": ""The commit message for the PR mentions refactoring `LogValidator` to use a new `skipKeyValueIterator()`. This suggests that the codebase may become more complex and harder to maintain due to the introduction of a new abstraction and potentially less intuitive logic.""}}"
7872,True,3,Non-risky,"[{""model"": ""Gemma"", ""labels"": [""Non-risky""], ""error"": """"}, {""model"": ""Llama"", ""labels"": [""Non-risky""], ""error"": """"}, {""model"": ""Mistral"", ""labels"": [""Non-risky""], ""error"": """"}]",{}
8692,True,2,Non-risky,"[{""model"": ""Gemma"", ""labels"": [""Non-risky""], ""error"": """"}, {""model"": ""Llama"", ""labels"": [""Non-risky""], ""error"": """"}, {""model"": ""Mistral"", ""labels"": [], ""error"": """"}]",{}
9115,True,3,Non-risky,"[{""model"": ""Gemma"", ""labels"": [""Non-risky""], ""error"": """"}, {""model"": ""Llama"", ""labels"": [""Non-risky""], ""error"": """"}, {""model"": ""Mistral"", ""labels"": [""Non-risky""], ""error"": """"}]",{}
9551,True,2,Bug Risk,"[{""model"": ""Gemma"", ""labels"": [""Bug Risk""], ""error"": """"}, {""model"": ""Llama"", ""labels"": [""Maintainability Risk""], ""error"": """"}, {""model"": ""Mistral"", ""labels"": [""Bug Risk""], ""error"": """"}]","{""Bug Risk"": {""confidence"": 0.8, ""rationale"": ""SZZ origin issue KAFKA-13430 reports a documentation error stemming from the PR. While cosmetic, it indicates a failure to accurately reflect removed functionality (broker-wide quota properties) in the documentation.""}}"
10582,True,3,Non-risky,"[{""model"": ""Gemma"", ""labels"": [""Non-risky""], ""error"": """"}, {""model"": ""Llama"", ""labels"": [""Non-risky""], ""error"": """"}, {""model"": ""Mistral"", ""labels"": [""Non-risky""], ""error"": """"}]",{}
11756,True,2,Bug Risk,"[{""model"": ""Gemma"", ""labels"": [""Bug Risk"", ""Security Risk""], ""error"": """"}, {""model"": ""Llama"", ""labels"": [""Bug Risk""], ""error"": """"}, {""model"": ""Mistral"", ""labels"": [""Bug Risk""], ""error"": """"}]","{""Bug Risk"": {""confidence"": 0.8, ""rationale"": ""KAFKA-9981 reports that running a dedicated mm2 cluster with more than one node, when the configuration is updated, the task is not aware and will lose the update operation. This indicates a functional failure in the system.""}}"
12127,True,3,Non-risky,"[{""model"": ""Gemma"", ""labels"": [""Non-risky""], ""error"": """"}, {""model"": ""Llama"", ""labels"": [""Non-risky""], ""error"": """"}, {""model"": ""Mistral"", ""labels"": [""Non-risky""], ""error"": """"}]",{}
12564,True,3,Non-risky,"[{""model"": ""Gemma"", ""labels"": [""Non-risky""], ""error"": """"}, {""model"": ""Llama"", ""labels"": [""Non-risky""], ""error"": """"}, {""model"": ""Mistral"", ""labels"": [""Non-risky""], ""error"": """"}]",{}
12661,True,3,Non-risky,"[{""model"": ""Gemma"", ""labels"": [""Non-risky""], ""error"": """"}, {""model"": ""Llama"", ""labels"": [""Non-risky""], ""error"": """"}, {""model"": ""Mistral"", ""labels"": [""Non-risky""], ""error"": """"}]",{}
13749,True,2,Security Risk,"[{""model"": ""Gemma"", ""labels"": [""Security Risk""], ""error"": """"}, {""model"": ""Llama"", ""labels"": [""Security Risk"", ""Bug Risk""], ""error"": """"}, {""model"": ""Mistral"", ""labels"": [""Security Risk""], ""error"": """"}]","{""Security Risk"": {""confidence"": 1.0, ""rationale"": ""SZZ origin issue KAFKA-16322 reports a vulnerability (CVE-2023-50572) in jline and details the fix by updating to version 3.25.1. This indicates a security risk if the PR did not include this update.""}}"
14085,True,3,Non-risky,"[{""model"": ""Gemma"", ""labels"": [""Non-risky""], ""error"": """"}, {""model"": ""Llama"", ""labels"": [""Non-risky""], ""error"": """"}, {""model"": ""Mistral"", ""labels"": [""Non-risky""], ""error"": """"}]",{}
14411,True,2,Bug Risk,"[{""model"": ""Gemma"", ""labels"": [""Non-risky""], ""error"": """"}, {""model"": ""Llama"", ""labels"": [""Bug Risk""], ""error"": """"}, {""model"": ""Mistral"", ""labels"": [""Bug Risk""], ""error"": """"}]","{""Bug Risk"": {""confidence"": 1.0, ""rationale"": ""The pull request title explicitly mentions a bug related to using Admin instead of AdminClient, which is likely to cause functional or logical failures such as incorrect behavior or broken features.""}}"
14431,True,3,Security Risk,"[{""model"": ""Gemma"", ""labels"": [""Security Risk""], ""error"": """"}, {""model"": ""Llama"", ""labels"": [""Security Risk""], ""error"": """"}, {""model"": ""Mistral"", ""labels"": [""Security Risk""], ""error"": """"}]","{""Security Risk"": {""confidence"": 1.0, ""rationale"": ""SZZ origin issue KAFKA-9366 reports a vulnerability (CVE-2019-17571) in Log4j 1.2, which is addressed by upgrading to log4j2. This vulnerability allows remote code execution via deserialization of untrusted data, posing a significant security risk.""}}"
14486,True,2,Non-risky,"[{""model"": ""Gemma"", ""labels"": [""Non-risky""], ""error"": """"}, {""model"": ""Llama"", ""labels"": [""Maintainability Risk""], ""error"": """"}, {""model"": ""Mistral"", ""labels"": [""Non-risky""], ""error"": """"}]","{""Non-risky"": {""confidence"": 1.0, ""rationale"": ""The pull request focuses on updating a collaborators list based on commit activity and lacks any observable failures reported in SZZ origin issues.""}}"
14685,True,2,Performance Risk,"[{""model"": ""Gemma"", ""labels"": [""Bug Risk"", ""Performance Risk""], ""error"": """"}, {""model"": ""Llama"", ""labels"": [""Performance Risk""], ""error"": """"}, {""model"": ""Mistral"", ""labels"": [""Performance Risk""], ""error"": """"}]","{""Performance Risk"": {""confidence"": 1.0, ""rationale"": ""The PR introduces a performance regression in the Trogdor benchmark with high partition counts, leading to increased record-queue-time-avg and request-latency-avg.""}}"
